3166ea2bb8943bc73569b5156b2861b9e7a3216f,./,./
80da8afb1728bb000551b4a2774926fa48e47b05,./,./
9cd627f78c3b2e53a7a44545b4d957f9d5520978,./,./
e29aea48c6a55d99780b9c4f537102fd93cecc41,./,./
49c18eedf18de9792b51af7945e5e043f20ebfcd,./,./
40624c8f788177b6f9a7fe29b5faf0a0826793c3,./,./
7aaa29368a00bbe420c4154118bb6fcff7f18980,./,./
6aa3e40460c1d4f9a3e0b6f9777a865edc92481a,./,./
7ed297e512e80e52a0df8ee21fc03972c3833492,src/java,src/test
2587ea620e56fa895629315de24818d5ddd34c42,src/java,src/test
fcab422132be26696c122578d7a5931537b92bc0,src/java,src/test
f770e5e8954c3b7e0aa9ad3cf74c68803a8b83df,src/java,src/test
ac31acc7ac53fc19549a75a574ca8638ba1185fe,src/java,src/test
664573088087c73debcfa39d5db8edb85d44a7b8,src/java,src/test
bd42c93ab510f22edee38d45cdb01f1542b7d47c,src/java,src/test
179f591be0db31d3e3c7fedd1cbbd263145d016e,src/java,src/test
a55a7752725770f2e2099e952f4c9f2c6e3a0e80,src/java,src/test
a1a0ba63218227c85a7c36fd65190007eddeb312,src/java,src/test
2eda8ac6ebee24cf4de776a755676fddf115de33,src/java,src/test
99bd62e04a4738c6bbb4537af9a0ea36a7e8edca,src/java,src/test
3f360f8e76c6336f0746e2140d99414e7d0976e0,src/java,src/test
c6a8ee98da034cbc511acef4804c399941e10fda,src/java,src/test
ad87038b53ed4d36c354a0a6258368ffa510cb42,src/java,src/test
9a2e25bf9edc1264f46011d4eb6be305cd7a7271,src/java,src/test
e22d23624cb100c0a597f2b89a49eea0fc140a5a,src/java,src/test
113f15419ea84d485c8b884e7b10886b4c281141,src/java,src/test
ced77471d2ae9acb16aad22f7701d987bfc91b28,src/java,src/test
ad49f208a9d9452c75ad28706248e1eb8963e056,src/java,src/test
dcf78bab33db889bbcdced06e0d1c99288a31b14,src/java,src/test
700941aaa2a187ac1b4a2d32dab1147b49da66a0,src/java,src/test
8d2a65639e29b63ee7fea8820729d7f8240301a9,src/java,src/test
d29a037a5a6c33c48adfe25a9ae36e3155b003f6,src/java,src/test
b91bbdde7f0aa863ff3e75e822f4c36014774fc2,src/java,src/test
97cbd129c014311efad4491f8f7c058ab07f1563,src/java,src/test
2306aa4724fb7aa8eaad00922f22b4a774f6f32b,src/java,src/test
d240286cc3e708166963dd98fc9c383c90d6e0b5,src/java,src/test
63580c1d361a072e21799ff85832490d608b797e,src/java,src/test
796f1d8583bc9725d3127ddb25e73086ecda057b,src/java,src/test
51747c986f60871b287894de399e96646283976b,src/java,src/test
8c5d2df361aeb3d9d237e9972d72c39e4c0f6d6e,src/java,src/test
584cd6753a0772f019b6c92ff91d01da99261eec,src/java,src/test
34a28b6d646a8cf0710444aecdc756ef138faf28,src/java,src/test
1ab43ea330fa9df1918d840c751be5cc8fb0df36,src/java,src/test
4820825250a57ddfd50195ca96a3c89ff848d165,src/java,src/test
cb15fe3efa84c55d541614fb5b8d0d20f338c192,src/java,src/test
b3711237186af3f4c3afa5d381951c319c61bb0b,src/java,src/test
2976dd836797d11f3eb3f4d02d61feb6e7bde2e7,src/java,src/test
b9f88a773c72e590015736edad69181329a43d30,src/java,src/test
60380d4f85364f7f98e71892815899ba0d927f6f,src/main/java,src/test/java
e3b0d447c30b02302d25989c62f5fe9e5ed7b207,src/main/java,src/test/java
0f74d102de3695395e2e2c31907a6fa6b599027c,src/main/java,src/test/java
346781eb0442198dcfc3106a07cce14751a2a691,src/main/java,src/test/java
fab97868ec7ffe89e4052a31b22f0a43560c93cb,src/main/java,src/test/java
8b9aad8d106f7445495c4d3188424f2bd98294cb,src/main/java,src/test/java
ed451ccfe82779fbeb1f2bdde9d27ac4c75c7e63,src/main/java,src/test/java
f639e15f50e0192187bd77bb63ea5af6fb646a0d,src/main/java,src/test/java
8e34b75b4fbcef613124de1c4d9511624e400f23,src/main/java,src/test/java
24e1d8c23bf6b7d674880aeaee2b59d7d95f196b,src/main/java,src/test/java
1da2e6220032b7bd9666be1112d7841d779eb589,src/main/java,src/test/java
02cbfc29e45491dcfd2952148b4fd92d639200ec,src/main/java,src/test/java
89ac086217d36a6e9e5d02f3cdc1ee4250b226f0,src/main/java,src/test/java
348f4f222f58aadc2a2a079731dbe643bf19c76b,src/main/java,src/test/java
6c9b0432e9a0044a9f65d98bf99d341d7180cb08,src/main/java,src/test/java
62826d42731f31860f33dcf74dfdee7316311889,src/main/java,src/test/java
5f9473beb26b572e3c8a5d4e52192607a8cd61bb,src/main/java,src/test/java
fb02cea75d95b2a36fcb543ff5af7975b329979c,src/main/java,src/test/java
c17489cd2a41810ab32c4353c457c9e66ac2b843,src/main/java,src/test/java
c290c4a8570347439692a166c5d2e4990b3da3ce,src/main/java,src/test/java
93d8f1317dd6a342915ff9f8c5820c363b40c67f,src/main/java,src/test/java
2dede2cb4b3ad467c6812e824b1a851d9faefa71,src/main/java,src/test/java
22495adacbac2c974dc850865d69526242ba873f,src/main/java,src/test/java
b1fbbfae8f407db96eecb641c9a4dd6ed7418681,src/main/java,src/test/java
18deb4f4ddb37920d1a1fe9ad9e5d64898773a34,src/main/java,src/test/java
8b1c30ab269a82dad3a32c9f62025cf3a917d21d,src/main/java,src/test/java
271401acc7b34a2a4415fdea272e60f87195645b,src/main/java,src/test/java
190747189203cf93aeec96af4aa177a3bdde60d2,src/main/java,src/test/java
79ef0bae7e8b999cfce3da784720ecfdc0d7e230,src/main/java,src/test/java
7ab4825b83f4910480b30499d364a1bdf7aaa176,src/main/java,src/test/java
c2bc433f4096b111e62184488c0b75c9a666cbc5,src/main/java,src/test/java
f95cdab0d5eb7a3a88714152e7d394572d2d0cd7,src/main/java,src/test/java
06aa0380bc5a5239638402135ccd8cbb34347963,src/main/java,src/test/java
959a992bbb3256a64a5a869d1856f85789563556,src/main/java,src/test/java
f454657379adc5906434f3eb86650ad184edd375,src/main/java,src/test/java
837063d1250f7b9ba4352e3d4d36451d2fbc4b1e,src/main/java,src/test/java
63c065088a425f54d4f9ab427dd4a786e1c2094d,src/main/java,src/test/java
a96f8cdc711230efdc8df23c50b805e323a4d605,src/main/java,src/test/java
9410d57281147872cd78cf22a8061ecd08ecf190,src/main/java,src/test/java
8a4f0c728157ca78674fb923de37b9a7a087a9d2,src/main/java,src/test/java
6e7cc6eaf5f83cc9c45018699b644cd7db354b08,src/main/java,src/test/java
eb8c85965fec0c0587c919af4b83c6411fcd4af1,src/main/java,src/test/java
2239326be5c2791a23eea07eaed3d81f2e7000cf,src/main/java,src/test/java
